{
  "app\\fix-deploy.ps1": 1776424898.8855908,
  "app\\alembic\\env.py": 1777039001.180152,
  "app\\alembic\\__init__.py": 1774506980.6874268,
  "app\\alembic\\versions\\001_create_base_tables.py": 1776261294.417722,
  "app\\alembic\\versions\\002_pgvector_extension.py": 1776261294.417722,
  "app\\alembic\\versions\\003_tcpo_embeddings_table.py": 1776261294.4187224,
  "app\\alembic\\versions\\004_pgtrgm_and_gin_index.py": 1776261294.4187224,
  "app\\alembic\\versions\\005_v2_governance_rbac_audit.py": 1776261294.4187224,
  "app\\alembic\\versions\\006_consolidation_fixes.py": 1776261294.4202254,
  "app\\alembic\\versions\\007_fix_defaults_and_cliente_updated_at.py": 1776261294.4202254,
  "app\\alembic\\versions\\009_versao_composicao.py": 1776261294.4202254,
  "app\\alembic\\versions\\010_rename_usuario_perfil.py": 1776261294.4217312,
  "app\\alembic\\versions\\011_nullable_cliente_historico.py": 1776261294.4217312,
  "app\\alembic\\versions\\012_base_consulta_pc_orcamento.py": 1776903315.2521846,
  "app\\alembic\\versions\\012_dual_schema_migration.py": 1776875461.4601593,
  "app\\alembic\\versions\\013_expand_pc_numeric_ranges.py": 1776903261.3347557,
  "app\\alembic\\versions\\014_expand_pc_encargo_text_lengths.py": 1776614426.2080398,
  "app\\alembic\\versions\\015_expand_pc_mao_obra_beneficios.py": 1776614426.2125504,
  "app\\alembic\\versions\\016_add_search_indexes.py": 1776901661.3829744,
  "app\\alembic\\versions\\017_create_proposta_entities.py": 1776967024.2132626,
  "app\\backend\\main.py": 1777039001.156327,
  "app\\backend\\__init__.py": 1774506980.6934507,
  "app\\backend\\api\\__init__.py": 1774506980.695458,
  "app\\backend\\api\\v1\\router.py": 1777039000.9669726,
  "app\\backend\\api\\v1\\__init__.py": 1774506980.6964085,
  "app\\backend\\api\\v1\\endpoints\\admin.py": 1777039000.9339743,
  "app\\backend\\api\\v1\\endpoints\\auth.py": 1777039000.9360273,
  "app\\backend\\api\\v1\\endpoints\\busca.py": 1777039000.9375434,
  "app\\backend\\api\\v1\\endpoints\\clientes.py": 1777039000.9398544,
  "app\\backend\\api\\v1\\endpoints\\composicoes.py": 1777039000.940854,
  "app\\backend\\api\\v1\\endpoints\\cpu_geracao.py": 1777039000.9428844,
  "app\\backend\\api\\v1\\endpoints\\extracao.py": 1777039000.9448543,
  "app\\backend\\api\\v1\\endpoints\\health.py": 1777039000.945856,
  "app\\backend\\api\\v1\\endpoints\\homologacao.py": 1777039000.9478827,
  "app\\backend\\api\\v1\\endpoints\\pc_tabelas.py": 1777039000.9498715,
  "app\\backend\\api\\v1\\endpoints\\pq_importacao.py": 1777039000.9513974,
  "app\\backend\\api\\v1\\endpoints\\propostas.py": 1777039000.9524121,
  "app\\backend\\api\\v1\\endpoints\\servicos.py": 1777039000.954412,
  "app\\backend\\api\\v1\\endpoints\\usuarios.py": 1777039000.9564295,
  "app\\backend\\api\\v1\\endpoints\\versoes.py": 1777039000.957429,
  "app\\backend\\api\\v1\\endpoints\\__init__.py": 1774506980.6964085,
  "app\\backend\\core\\audit_hooks.py": 1777039000.9762716,
  "app\\backend\\core\\config.py": 1776261294.4277363,
  "app\\backend\\core\\database.py": 1777039000.9792962,
  "app\\backend\\core\\dependencies.py": 1777039000.9802718,
  "app\\backend\\core\\exceptions.py": 1776261294.4287362,
  "app\\backend\\core\\logging.py": 1777039000.9822712,
  "app\\backend\\core\\rate_limit.py": 1776261294.4297378,
  "app\\backend\\core\\security.py": 1777039000.984916,
  "app\\backend\\core\\__init__.py": 1774506980.7041047,
  "app\\backend\\ml\\embedder.py": 1777039000.9903564,
  "app\\backend\\ml\\fuzzy_search.py": 1777039000.9913723,
  "app\\backend\\ml\\vector_search.py": 1777039000.9923537,
  "app\\backend\\ml\\__init__.py": 1774506980.7110665,
  "app\\backend\\models\\associacao_inteligente.py": 1777039001.0028703,
  "app\\backend\\models\\auditoria_log.py": 1777039001.0038707,
  "app\\backend\\models\\base.py": 1776950454.5336454,
  "app\\backend\\models\\base_tcpo.py": 1777039001.0058715,
  "app\\backend\\models\\categoria_recurso.py": 1777039001.0078692,
  "app\\backend\\models\\cliente.py": 1777039001.009893,
  "app\\backend\\models\\composicao_base.py": 1777039001.0108697,
  "app\\backend\\models\\composicao_cliente.py": 1777039001.0128722,
  "app\\backend\\models\\enums.py": 1776966877.243554,
  "app\\backend\\models\\historico_busca_cliente.py": 1777039001.0148196,
  "app\\backend\\models\\itens_proprios.py": 1777039001.0163794,
  "app\\backend\\models\\pc_tabelas.py": 1777039001.01738,
  "app\\backend\\models\\proposta.py": 1777039001.0193973,
  "app\\backend\\models\\tcpo_embeddings.py": 1777039001.0203984,
  "app\\backend\\models\\usuario.py": 1777039001.0219023,
  "app\\backend\\models\\versao_composicao.py": 1777039001.0234501,
  "app\\backend\\models\\__init__.py": 1777039001.0008705,
  "app\\backend\\repositories\\associacao_repository.py": 1777039001.0346622,
  "app\\backend\\repositories\\base_repository.py": 1777039001.0363064,
  "app\\backend\\repositories\\base_tcpo_repository.py": 1777039001.0378377,
  "app\\backend\\repositories\\cliente_repository.py": 1777039001.0388434,
  "app\\backend\\repositories\\historico_repository.py": 1777039001.0408647,
  "app\\backend\\repositories\\itens_proprios_repository.py": 1777039001.0418465,
  "app\\backend\\repositories\\pq_importacao_repository.py": 1777039001.0438638,
  "app\\backend\\repositories\\pq_item_repository.py": 1777039001.0448463,
  "app\\backend\\repositories\\proposta_item_composicao_repository.py": 1777039001.0463545,
  "app\\backend\\repositories\\proposta_item_repository.py": 1777039001.0523572,
  "app\\backend\\repositories\\proposta_repository.py": 1777039001.0543578,
  "app\\backend\\repositories\\tcpo_embeddings_repository.py": 1777039001.0563576,
  "app\\backend\\repositories\\usuario_repository.py": 1777039001.0573575,
  "app\\backend\\repositories\\versao_composicao_repository.py": 1777039001.0593576,
  "app\\backend\\repositories\\__init__.py": 1777039001.0329082,
  "app\\backend\\schemas\\admin.py": 1776614426.3245454,
  "app\\backend\\schemas\\associacao.py": 1776875461.4925551,
  "app\\backend\\schemas\\auth.py": 1776614426.3296158,
  "app\\backend\\schemas\\busca.py": 1776614426.335155,
  "app\\backend\\schemas\\cliente.py": 1776261294.443074,
  "app\\backend\\schemas\\common.py": 1776261294.443074,
  "app\\backend\\schemas\\composicao.py": 1776261294.443074,
  "app\\backend\\schemas\\etl.py": 1776875461.4925551,
  "app\\backend\\schemas\\extracao.py": 1776875461.4925551,
  "app\\backend\\schemas\\homologacao.py": 1777039001.0728014,
  "app\\backend\\schemas\\pc_tabelas.py": 1776614426.3403888,
  "app\\backend\\schemas\\proposta.py": 1777039001.0753043,
  "app\\backend\\schemas\\servico.py": 1776875461.494063,
  "app\\backend\\schemas\\usuario.py": 1776261294.4446092,
  "app\\backend\\schemas\\__init__.py": 1774506980.7279391,
  "app\\backend\\services\\auth_service.py": 1777039001.0868394,
  "app\\backend\\services\\busca_service.py": 1777039001.0878437,
  "app\\backend\\services\\cpu_custo_service.py": 1777039001.089976,
  "app\\backend\\services\\cpu_explosao_service.py": 1777039001.090994,
  "app\\backend\\services\\cpu_geracao_service.py": 1777039001.0929937,
  "app\\backend\\services\\embedding_sync_service.py": 1777039001.0939767,
  "app\\backend\\services\\etl_service.py": 1777039001.095976,
  "app\\backend\\services\\homologacao_service.py": 1777039001.096976,
  "app\\backend\\services\\import_preview_service.py": 1777039001.098977,
  "app\\backend\\services\\pc_tabelas_service.py": 1777039001.0999763,
  "app\\backend\\services\\pq_import_service.py": 1777039001.1019778,
  "app\\backend\\services\\pq_match_service.py": 1777039001.1039784,
  "app\\backend\\services\\proposta_service.py": 1777039001.1054823,
  "app\\backend\\services\\servico_catalog_service.py": 1777039001.1064878,
  "app\\backend\\services\\versao_service.py": 1777039001.1084857,